{
  "total_trades": 599,
  "gross_pnl": -2099.2412569999997,
  "total_commission": 589.98786,
  "net_pnl": -2689.229117,
  "wins": 66,
  "winrate": 0.11018363939899833,
  "max_drawdown": 2685.8062959999997
}